{"preview":[{"views":[{"id":"codesandbox.browser"},{"id":"codesandbox.browser","options":{"port":40447,"url":"https://fd431-40447.sse.codesandbox.io"},"closeable":true},{"id":"codesandbox.browser","options":{"port":45211,"url":"https://fd431-45211.sse.codesandbox.io"},"closeable":true},{"id":"codesandbox.browser","options":{"port":34057,"url":"https://fd431-34057.sse.codesandbox.io"},"closeable":true},{"id":"codesandbox.browser","options":{"port":38607,"url":"https://fd431-38607.sse.codesandbox.io"},"closeable":true},{"id":"codesandbox.browser","options":{"port":34267,"url":"https://fd431-34267.sse.codesandbox.io"},"closeable":true},{"id":"codesandbox.browser","options":{"port":38329,"url":"https://fd431-38329.sse.codesandbox.io"},"closeable":true},{"id":"codesandbox.browser","options":{"port":34563,"url":"https://fd431-34563.sse.codesandbox.io"},"closeable":true},{"id":"codesandbox.browser","options":{"port":37677,"url":"https://fd431-37677.sse.codesandbox.io"},"closeable":true},{"id":"codesandbox.browser","options":{"port":42235,"url":"https://fd431-42235.sse.codesandbox.io"},"closeable":true},{"id":"codesandbox.browser","options":{"port":39201,"url":"https://fd431-39201.sse.codesandbox.io"},"closeable":true},{"id":"codesandbox.browser","options":{"port":33177,"url":"https://fd431-33177.sse.codesandbox.io"},"closeable":true},{"id":"codesandbox.browser","options":{"port":38469,"url":"https://fd431-38469.sse.codesandbox.io"},"closeable":true},{"id":"codesandbox.browser","options":{"port":37575,"url":"https://fd431-37575.sse.codesandbox.io"},"closeable":true},{"id":"codesandbox.browser","options":{"port":34761,"url":"https://fd431-34761.sse.codesandbox.io"},"closeable":true},{"id":"codesandbox.browser","options":{"port":38585,"url":"https://fd431-38585.sse.codesandbox.io"},"closeable":true},{"id":"codesandbox.browser","options":{"port":38399,"url":"https://fd431-38399.sse.codesandbox.io"},"closeable":true},{"id":"codesandbox.browser","options":{"port":37943,"url":"https://fd431-37943.sse.codesandbox.io"},"closeable":true},{"id":"codesandbox.browser","options":{"port":37829,"url":"https://fd431-37829.sse.codesandbox.io"},"closeable":true},{"id":"codesandbox.browser","options":{"port":35697,"url":"https://fd431-35697.sse.codesandbox.io"},"closeable":true},{"id":"codesandbox.browser","options":{"port":44897,"url":"https://fd431-44897.sse.codesandbox.io"},"closeable":true},{"id":"codesandbox.browser","options":{"port":37457,"url":"https://fd431-37457.sse.codesandbox.io"},"closeable":true},{"id":"codesandbox.browser","options":{"port":33651,"url":"https://fd431-33651.sse.codesandbox.io"},"closeable":true},{"id":"codesandbox.browser","options":{"port":36863,"url":"https://fd431-36863.sse.codesandbox.io"},"closeable":true},{"id":"codesandbox.browser","options":{"port":39985,"url":"https://fd431-39985.sse.codesandbox.io"},"closeable":true},{"id":"codesandbox.browser","options":{"port":44015,"url":"https://fd431-44015.sse.codesandbox.io"},"closeable":true},{"id":"codesandbox.browser","options":{"port":40505,"url":"https://fd431-40505.sse.codesandbox.io"},"closeable":true},{"id":"codesandbox.browser","options":{"port":40171,"url":"https://fd431-40171.sse.codesandbox.io"},"closeable":true},{"id":"codesandbox.browser","options":{"port":38357,"url":"https://fd431-38357.sse.codesandbox.io"},"closeable":true},{"id":"codesandbox.browser","options":{"port":36771,"url":"https://fd431-36771.sse.codesandbox.io"},"closeable":true},{"id":"codesandbox.browser","options":{"port":37469,"url":"https://fd431-37469.sse.codesandbox.io"},"closeable":true},{"id":"codesandbox.browser","options":{"port":37405,"url":"https://fd431-37405.sse.codesandbox.io"},"closeable":true},{"id":"codesandbox.browser","options":{"port":37609,"url":"https://fd431-37609.sse.codesandbox.io"},"closeable":true},{"id":"codesandbox.browser","options":{"port":39817,"url":"https://fd431-39817.sse.codesandbox.io"},"closeable":true},{"id":"codesandbox.browser","options":{"port":46503,"url":"https://fd431-46503.sse.codesandbox.io"},"closeable":true},{"id":"codesandbox.browser","options":{"port":42443,"url":"https://fd431-42443.sse.codesandbox.io"},"closeable":true},{"id":"codesandbox.browser","options":{"port":36113,"url":"https://fd431-36113.sse.codesandbox.io"},"closeable":true},{"id":"codesandbox.browser","options":{"port":39103,"url":"https://fd431-39103.sse.codesandbox.io"},"closeable":true},{"id":"codesandbox.browser","options":{"port":36803,"url":"https://fd431-36803.sse.codesandbox.io"},"closeable":true},{"id":"codesandbox.browser","options":{"port":36135,"url":"https://fd431-36135.sse.codesandbox.io"},"closeable":true},{"id":"codesandbox.browser","options":{"port":37809,"url":"https://fd431-37809.sse.codesandbox.io"},"closeable":true},{"id":"codesandbox.browser","options":{"port":34245,"url":"https://fd431-34245.sse.codesandbox.io"},"closeable":true},{"id":"codesandbox.browser","options":{"port":33705,"url":"https://fd431-33705.sse.codesandbox.io"},"closeable":true},{"id":"codesandbox.browser","options":{"port":46589,"url":"https://fd431-46589.sse.codesandbox.io"},"closeable":true},{"id":"codesandbox.browser","options":{"port":33199,"url":"https://fd431-33199.sse.codesandbox.io"},"closeable":true},{"id":"codesandbox.browser","options":{"port":37659,"url":"https://fd431-37659.sse.codesandbox.io"},"closeable":true},{"id":"codesandbox.browser","options":{"port":33905,"url":"https://fd431-33905.sse.codesandbox.io"},"closeable":true},{"id":"codesandbox.browser","options":{"port":37045,"url":"https://fd431-37045.sse.codesandbox.io"},"closeable":true},{"id":"codesandbox.browser","options":{"port":45549,"url":"https://fd431-45549.sse.codesandbox.io"},"closeable":true},{"id":"codesandbox.browser","options":{"port":40353,"url":"https://fd431-40353.sse.codesandbox.io"},"closeable":true},{"id":"codesandbox.browser","options":{"port":45187,"url":"https://fd431-45187.sse.codesandbox.io"},"closeable":true},{"id":"codesandbox.browser","options":{"port":46083,"url":"https://fd431-46083.sse.codesandbox.io"},"closeable":true},{"id":"codesandbox.browser","options":{"port":46151,"url":"https://fd431-46151.sse.codesandbox.io"},"closeable":true},{"id":"codesandbox.browser","options":{"port":43031,"url":"https://fd431-43031.sse.codesandbox.io"},"closeable":true},{"id":"codesandbox.browser","options":{"port":38239,"url":"https://fd431-38239.sse.codesandbox.io"},"closeable":true},{"id":"codesandbox.browser","options":{"port":42571,"url":"https://fd431-42571.sse.codesandbox.io"},"closeable":true},{"id":"codesandbox.browser","options":{"port":41709,"url":"https://fd431-41709.sse.codesandbox.io"},"closeable":true},{"id":"codesandbox.browser","options":{"port":39647,"url":"https://fd431-39647.sse.codesandbox.io"},"closeable":true},{"id":"codesandbox.browser","options":{"port":33477,"url":"https://fd431-33477.sse.codesandbox.io"},"closeable":true},{"id":"codesandbox.browser","options":{"port":40087,"url":"https://fd431-40087.sse.codesandbox.io"},"closeable":true},{"id":"codesandbox.browser","options":{"port":36223,"url":"https://fd431-36223.sse.codesandbox.io"},"closeable":true},{"id":"codesandbox.browser","options":{"port":33729,"url":"https://fd431-33729.sse.codesandbox.io"},"closeable":true},{"id":"codesandbox.browser","options":{"port":37571,"url":"https://fd431-37571.sse.codesandbox.io"},"closeable":true},{"id":"codesandbox.browser","options":{"port":34047,"url":"https://fd431-34047.sse.codesandbox.io"},"closeable":true},{"id":"codesandbox.browser","options":{"port":33365,"url":"https://fd431-33365.sse.codesandbox.io"},"closeable":true},{"id":"codesandbox.browser","options":{"port":34395,"url":"https://fd431-34395.sse.codesandbox.io"},"closeable":true},{"id":"codesandbox.browser","options":{"port":46541,"url":"https://fd431-46541.sse.codesandbox.io"},"closeable":true},{"id":"codesandbox.browser","options":{"port":37977,"url":"https://fd431-37977.sse.codesandbox.io"},"closeable":true},{"id":"codesandbox.browser","options":{"port":38431,"url":"https://fd431-38431.sse.codesandbox.io"},"closeable":true},{"id":"codesandbox.browser","options":{"port":40809,"url":"https://fd431-40809.sse.codesandbox.io"},"closeable":true}]},{"open":true,"views":[{"id":"codesandbox.terminal"},{"id":"codesandbox.console"},{"id":"codesandbox.problems"}]}]}